origin_id,destination_id,trips_person,intrazonal_factor,mc_distance_m,mc2_distance_m,sense_code,checkpoint_is_directional,cap_M,cap_A,cap_B,cap_CU,cap_CAI,cap_CAII,cap_total,fa,focup_M,focup_A,focup_B,focup_CU,focup_CAI,focup_CAII,share_M,share_A,share_B,share_CU,share_CAI,share_CAII,veh_M,veh_A,veh_B,veh_CU,veh_CAI,veh_CAII,veh_total,congruence_id
1346,1,1.0,0,177048.17386417443,186491.5118807876,0,False,776.0,15060.0,251.0,1443.0,234.0,100.0,17864.0,1.002,1.0,2.47,20.0,1.573,1.359,1.518,0.043439319301388266,0.8430362740707569,0.014050604567845947,0.0807769816390506,0.013098969995521719,0.005597850425436633,0.04352619793999104,0.3419928528821451,0.000703935288849082,0.051454885951893646,0.009657960217448684,0.0036950237986083704,0.4510308560789359,1
1002,1001,1.0,0,0.0,0.0,0,False,776.0,15060.0,251.0,1443.0,234.0,100.0,17864.0,1.002,1.0,2.47,20.0,1.573,1.359,1.518,0.043439319301388266,0.8430362740707569,0.014050604567845947,0.0807769816390506,0.013098969995521719,0.005597850425436633,0.0,0.0,0.0,0.0,0.0,0.0,0.0,4
1322,1001,1.0,0,10752.521281627507,10752.521281627507,0,False,776.0,15060.0,251.0,1443.0,234.0,100.0,17864.0,1.002,1.0,2.47,20.0,1.573,1.359,1.518,0.043439319301388266,0.8430362740707569,0.014050604567845947,0.0807769816390506,0.013098969995521719,0.005597850425436633,0.04352619793999104,0.3419928528821451,0.000703935288849082,0.051454885951893646,0.009657960217448684,0.0036950237986083704,0.4510308560789359,1
1324,1001,37.97,0,10740.68887843797,10740.68887843797,0,False,776.0,15060.0,251.0,1443.0,234.0,100.0,17864.0,1.002,1.0,2.47,20.0,1.573,1.359,1.518,0.043439319301388266,0.8430362740707569,0.014050604567845947,0.0807769816390506,0.013098969995521719,0.005597850425436633,1.6526897357814598,12.985468623935049,0.026728422917599644,1.9537420195934019,0.36671274945652654,0.1403000536331598,17.125641605317192,1
1325,1001,28.36,0,0.0,0.0,0,False,776.0,15060.0,251.0,1443.0,234.0,100.0,17864.0,1.002,1.0,2.47,20.0,1.573,1.359,1.518,0.043439319301388266,0.8430362740707569,0.014050604567845947,0.0807769816390506,0.013098969995521719,0.005597850425436633,0.0,0.0,0.0,0.0,0.0,0.0,0.0,4
1344,1001,1.0,0,10988.544911714964,10988.544911714964,0,False,776.0,15060.0,251.0,1443.0,234.0,100.0,17864.0,1.002,1.0,2.47,20.0,1.573,1.359,1.518,0.043439319301388266,0.8430362740707569,0.014050604567845947,0.0807769816390506,0.013098969995521719,0.005597850425436633,0.04352619793999104,0.3419928528821451,0.000703935288849082,0.051454885951893646,0.009657960217448684,0.0036950237986083704,0.4510308560789359,1
1346,1001,12.96,0,10752.521281627507,10752.521281627507,0,False,776.0,15060.0,251.0,1443.0,234.0,100.0,17864.0,1.002,1.0,2.47,20.0,1.573,1.359,1.518,0.043439319301388266,0.8430362740707569,0.014050604567845947,0.0807769816390506,0.013098969995521719,0.005597850425436633,0.5640995253022839,4.4322273733526005,0.009123001343484103,0.6668553219365417,0.12516716441813497,0.047887508429964476,5.84535989478301,1
1348,1001,16.7,0,0.0,0.0,0,False,776.0,15060.0,251.0,1443.0,234.0,100.0,17864.0,1.002,1.0,2.47,20.0,1.573,1.359,1.518,0.043439319301388266,0.8430362740707569,0.014050604567845947,0.0807769816390506,0.013098969995521719,0.005597850425436633,0.0,0.0,0.0,0.0,0.0,0.0,0.0,4
1350,1001,11.52,0,0.0,0.0,0,False,776.0,15060.0,251.0,1443.0,234.0,100.0,17864.0,1.002,1.0,2.47,20.0,1.573,1.359,1.518,0.043439319301388266,0.8430362740707569,0.014050604567845947,0.0807769816390506,0.013098969995521719,0.005597850425436633,0.0,0.0,0.0,0.0,0.0,0.0,0.0,4
204,1001,1.0,0,10752.521281627507,10752.521281627507,0,False,776.0,15060.0,251.0,1443.0,234.0,100.0,17864.0,1.002,1.0,2.47,20.0,1.573,1.359,1.518,0.043439319301388266,0.8430362740707569,0.014050604567845947,0.0807769816390506,0.013098969995521719,0.005597850425436633,0.04352619793999104,0.3419928528821451,0.000703935288849082,0.051454885951893646,0.009657960217448684,0.0036950237986083704,0.4510308560789359,1
205,1001,1.0,0,10752.521281627507,10752.521281627507,0,False,776.0,15060.0,251.0,1443.0,234.0,100.0,17864.0,1.002,1.0,2.47,20.0,1.573,1.359,1.518,0.043439319301388266,0.8430362740707569,0.014050604567845947,0.0807769816390506,0.013098969995521719,0.005597850425436633,0.04352619793999104,0.3419928528821451,0.000703935288849082,0.051454885951893646,0.009657960217448684,0.0036950237986083704,0.4510308560789359,1
211,1001,12.1,0,0.0,0.0,0,False,776.0,15060.0,251.0,1443.0,234.0,100.0,17864.0,1.002,1.0,2.47,20.0,1.573,1.359,1.518,0.043439319301388266,0.8430362740707569,0.014050604567845947,0.0807769816390506,0.013098969995521719,0.005597850425436633,0.0,0.0,0.0,0.0,0.0,0.0,0.0,4
1002,1002,1.0,1,0.0,0.0,0,False,776.0,15060.0,251.0,1443.0,234.0,100.0,17864.0,1.002,1.0,2.47,20.0,1.573,1.359,1.518,0.043439319301388266,0.8430362740707569,0.014050604567845947,0.0807769816390506,0.013098969995521719,0.005597850425436633,0.0,0.0,0.0,0.0,0.0,0.0,0.0,4
103,1002,1.0,0,18795.140288219744,18795.140288219744,0,False,776.0,15060.0,251.0,1443.0,234.0,100.0,17864.0,1.002,1.0,2.47,20.0,1.573,1.359,1.518,0.043439319301388266,0.8430362740707569,0.014050604567845947,0.0807769816390506,0.013098969995521719,0.005597850425436633,0.04352619793999104,0.3419928528821451,0.000703935288849082,0.051454885951893646,0.009657960217448684,0.0036950237986083704,0.4510308560789359,1
106,1002,1.0,0,3612.6680555786616,3612.6680555786616,0,False,776.0,15060.0,251.0,1443.0,234.0,100.0,17864.0,1.002,1.0,2.47,20.0,1.573,1.359,1.518,0.043439319301388266,0.8430362740707569,0.014050604567845947,0.0807769816390506,0.013098969995521719,0.005597850425436633,0.04352619793999104,0.3419928528821451,0.000703935288849082,0.051454885951893646,0.009657960217448684,0.0036950237986083704,0.4510308560789359,1
111,1002,1.0,0,50400.879470264445,50400.879470264445,0,False,776.0,15060.0,251.0,1443.0,234.0,100.0,17864.0,1.002,1.0,2.47,20.0,1.573,1.359,1.518,0.043439319301388266,0.8430362740707569,0.014050604567845947,0.0807769816390506,0.013098969995521719,0.005597850425436633,0.04352619793999104,0.3419928528821451,0.000703935288849082,0.051454885951893646,0.009657960217448684,0.0036950237986083704,0.4510308560789359,1
1131,1002,1.0,0,0.0,0.0,0,False,776.0,15060.0,251.0,1443.0,234.0,100.0,17864.0,1.002,1.0,2.47,20.0,1.573,1.359,1.518,0.043439319301388266,0.8430362740707569,0.014050604567845947,0.0807769816390506,0.013098969995521719,0.005597850425436633,0.0,0.0,0.0,0.0,0.0,0.0,0.0,4
114,1002,1.0,0,50400.879470264445,50400.879470264445,0,False,776.0,15060.0,251.0,1443.0,234.0,100.0,17864.0,1.002,1.0,2.47,20.0,1.573,1.359,1.518,0.043439319301388266,0.8430362740707569,0.014050604567845947,0.0807769816390506,0.013098969995521719,0.005597850425436633,0.04352619793999104,0.3419928528821451,0.000703935288849082,0.051454885951893646,0.009657960217448684,0.0036950237986083704,0.4510308560789359,1
1266,1002,1.0,0,0.0,0.0,0,False,776.0,15060.0,251.0,1443.0,234.0,100.0,17864.0,1.002,1.0,2.47,20.0,1.573,1.359,1.518,0.043439319301388266,0.8430362740707569,0.014050604567845947,0.0807769816390506,0.013098969995521719,0.005597850425436633,0.0,0.0,0.0,0.0,0.0,0.0,0.0,4
1286,1002,1.0,0,0.0,0.0,0,False,776.0,15060.0,251.0,1443.0,234.0,100.0,17864.0,1.002,1.0,2.47,20.0,1.573,1.359,1.518,0.043439319301388266,0.8430362740707569,0.014050604567845947,0.0807769816390506,0.013098969995521719,0.005597850425436633,0.0,0.0,0.0,0.0,0.0,0.0,0.0,4
1293,1002,1.0,0,0.0,0.0,0,False,776.0,15060.0,251.0,1443.0,234.0,100.0,17864.0,1.002,1.0,2.47,20.0,1.573,1.359,1.518,0.043439319301388266,0.8430362740707569,0.014050604567845947,0.0807769816390506,0.013098969995521719,0.005597850425436633,0.0,0.0,0.0,0.0,0.0,0.0,0.0,4
1322,1002,1.0,0,10752.521281627507,10752.521281627507,0,False,776.0,15060.0,251.0,1443.0,234.0,100.0,17864.0,1.002,1.0,2.47,20.0,1.573,1.359,1.518,0.043439319301388266,0.8430362740707569,0.014050604567845947,0.0807769816390506,0.013098969995521719,0.005597850425436633,0.04352619793999104,0.3419928528821451,0.000703935288849082,0.051454885951893646,0.009657960217448684,0.0036950237986083704,0.4510308560789359,1
1324,1002,47.18,0,10740.68887843797,10740.68887843797,0,False,776.0,15060.0,251.0,1443.0,234.0,100.0,17864.0,1.002,1.0,2.47,20.0,1.573,1.359,1.518,0.043439319301388266,0.8430362740707569,0.014050604567845947,0.0807769816390506,0.013098969995521719,0.005597850425436633,2.0535660188087776,16.135222798979605,0.03321166692789969,2.427641519210342,0.455662563059229,0.1743312228183429,21.279635789804196,1
1325,1002,23.98,0,0.0,0.0,0,False,776.0,15060.0,251.0,1443.0,234.0,100.0,17864.0,1.002,1.0,2.47,20.0,1.573,1.359,1.518,0.043439319301388266,0.8430362740707569,0.014050604567845947,0.0807769816390506,0.013098969995521719,0.005597850425436633,0.0,0.0,0.0,0.0,0.0,0.0,0.0,4
1327,1002,1.0,0,0.0,0.0,0,False,776.0,15060.0,251.0,1443.0,234.0,100.0,17864.0,1.002,1.0,2.47,20.0,1.573,1.359,1.518,0.043439319301388266,0.8430362740707569,0.014050604567845947,0.0807769816390506,0.013098969995521719,0.005597850425436633,0.0,0.0,0.0,0.0,0.0,0.0,0.0,4
1330,1002,1.0,0,0.0,0.0,0,False,776.0,15060.0,251.0,1443.0,234.0,100.0,17864.0,1.002,1.0,2.47,20.0,1.573,1.359,1.518,0.043439319301388266,0.8430362740707569,0.014050604567845947,0.0807769816390506,0.013098969995521719,0.005597850425436633,0.0,0.0,0.0,0.0,0.0,0.0,0.0,4
1331,1002,1.0,0,0.0,0.0,0,False,776.0,15060.0,251.0,1443.0,234.0,100.0,17864.0,1.002,1.0,2.47,20.0,1.573,1.359,1.518,0.043439319301388266,0.8430362740707569,0.014050604567845947,0.0807769816390506,0.013098969995521719,0.005597850425436633,0.0,0.0,0.0,0.0,0.0,0.0,0.0,4
1339,1002,1.0,0,24739.67005120486,24739.67005120486,0,False,776.0,15060.0,251.0,1443.0,234.0,100.0,17864.0,1.002,1.0,2.47,20.0,1.573,1.359,1.518,0.043439319301388266,0.8430362740707569,0.014050604567845947,0.0807769816390506,0.013098969995521719,0.005597850425436633,0.04352619793999104,0.3419928528821451,0.000703935288849082,0.051454885951893646,0.009657960217448684,0.0036950237986083704,0.4510308560789359,1
1343,1002,1.0,0,18530.209617639182,18530.209617639182,0,False,776.0,15060.0,251.0,1443.0,234.0,100.0,17864.0,1.002,1.0,2.47,20.0,1.573,1.359,1.518,0.043439319301388266,0.8430362740707569,0.014050604567845947,0.0807769816390506,0.013098969995521719,0.005597850425436633,0.04352619793999104,0.3419928528821451,0.000703935288849082,0.051454885951893646,0.009657960217448684,0.0036950237986083704,0.4510308560789359,1
1344,1002,1.0,0,10988.544911714964,10988.544911714964,0,False,776.0,15060.0,251.0,1443.0,234.0,100.0,17864.0,1.002,1.0,2.47,20.0,1.573,1.359,1.518,0.043439319301388266,0.8430362740707569,0.014050604567845947,0.0807769816390506,0.013098969995521719,0.005597850425436633,0.04352619793999104,0.3419928528821451,0.000703935288849082,0.051454885951893646,0.009657960217448684,0.0036950237986083704,0.4510308560789359,1
1346,1002,1.0,0,10752.521281627507,10752.521281627507,0,False,776.0,15060.0,251.0,1443.0,234.0,100.0,17864.0,1.002,1.0,2.47,20.0,1.573,1.359,1.518,0.043439319301388266,0.8430362740707569,0.014050604567845947,0.0807769816390506,0.013098969995521719,0.005597850425436633,0.04352619793999104,0.3419928528821451,0.000703935288849082,0.051454885951893646,0.009657960217448684,0.0036950237986083704,0.4510308560789359,1
1348,1002,26.25,0,0.0,0.0,0,False,776.0,15060.0,251.0,1443.0,234.0,100.0,17864.0,1.002,1.0,2.47,20.0,1.573,1.359,1.518,0.043439319301388266,0.8430362740707569,0.014050604567845947,0.0807769816390506,0.013098969995521719,0.005597850425436633,0.0,0.0,0.0,0.0,0.0,0.0,0.0,4
1350,1002,12.81,0,0.0,0.0,0,False,776.0,15060.0,251.0,1443.0,234.0,100.0,17864.0,1.002,1.0,2.47,20.0,1.573,1.359,1.518,0.043439319301388266,0.8430362740707569,0.014050604567845947,0.0807769816390506,0.013098969995521719,0.005597850425436633,0.0,0.0,0.0,0.0,0.0,0.0,0.0,4
150,1002,1.0,0,6572.866959842556,6572.866959842556,0,False,776.0,15060.0,251.0,1443.0,234.0,100.0,17864.0,1.002,1.0,2.47,20.0,1.573,1.359,1.518,0.043439319301388266,0.8430362740707569,0.014050604567845947,0.0807769816390506,0.013098969995521719,0.005597850425436633,0.04352619793999104,0.3419928528821451,0.000703935288849082,0.051454885951893646,0.009657960217448684,0.0036950237986083704,0.4510308560789359,1
204,1002,15.24,0,10752.521281627507,10752.521281627507,0,False,776.0,15060.0,251.0,1443.0,234.0,100.0,17864.0,1.002,1.0,2.47,20.0,1.573,1.359,1.518,0.043439319301388266,0.8430362740707569,0.014050604567845947,0.0807769816390506,0.013098969995521719,0.005597850425436633,0.6633392566054636,5.2119710779238915,0.010727973802060009,0.7841724619068593,0.14718731371391797,0.05631216269079156,6.873710246642983,1
205,1002,18.78,0,10752.521281627507,10752.521281627507,0,False,776.0,15060.0,251.0,1443.0,234.0,100.0,17864.0,1.002,1.0,2.47,20.0,1.573,1.359,1.518,0.043439319301388266,0.8430362740707569,0.014050604567845947,0.0807769816390506,0.013098969995521719,0.005597850425436633,0.8174219973130318,6.422625777126684,0.01321990472458576,0.9663227581765627,0.1813764928836863,0.06939254693786519,8.470359477162415,1
207,1002,1.0,0,32076.373806467975,32076.373806467975,0,False,776.0,15060.0,251.0,1443.0,234.0,100.0,17864.0,1.002,1.0,2.47,20.0,1.573,1.359,1.518,0.043439319301388266,0.8430362740707569,0.014050604567845947,0.0807769816390506,0.013098969995521719,0.005597850425436633,0.04352619793999104,0.3419928528821451,0.000703935288849082,0.051454885951893646,0.009657960217448684,0.0036950237986083704,0.4510308560789359,1
209,1002,1.0,0,11060.076966043063,11060.076966043063,0,False,776.0,15060.0,251.0,1443.0,234.0,100.0,17864.0,1.002,1.0,2.47,20.0,1.573,1.359,1.518,0.043439319301388266,0.8430362740707569,0.014050604567845947,0.0807769816390506,0.013098969995521719,0.005597850425436633,0.04352619793999104,0.3419928528821451,0.000703935288849082,0.051454885951893646,0.009657960217448684,0.0036950237986083704,0.4510308560789359,1
211,1002,1.0,0,0.0,0.0,0,False,776.0,15060.0,251.0,1443.0,234.0,100.0,17864.0,1.002,1.0,2.47,20.0,1.573,1.359,1.518,0.043439319301388266,0.8430362740707569,0.014050604567845947,0.0807769816390506,0.013098969995521719,0.005597850425436633,0.0,0.0,0.0,0.0,0.0,0.0,0.0,4
1003,1003,10.24,1,0.0,21481.377756875932,0,False,776.0,15060.0,251.0,1443.0,234.0,100.0,17864.0,1.002,1.0,2.47,20.0,1.573,1.359,1.518,0.043439319301388266,0.8430362740707569,0.014050604567845947,0.0807769816390506,0.013098969995521719,0.005597850425436633,0.0,0.0,0.0,0.0,0.0,0.0,0.0,4
104,1003,10.96,0,20113.62708662608,23098.235302875015,0,False,776.0,15060.0,251.0,1443.0,234.0,100.0,17864.0,1.002,1.0,2.47,20.0,1.573,1.359,1.518,0.043439319301388266,0.8430362740707569,0.014050604567845947,0.0807769816390506,0.013098969995521719,0.005597850425436633,0.4770471294223018,3.7482416675883106,0.007715130765785938,0.5639455500327544,0.1058512439832376,0.04049746083274774,4.943298182625137,1
114,1003,1.0,0,46148.224861276234,61141.56834870241,0,False,776.0,15060.0,251.0,1443.0,234.0,100.0,17864.0,1.002,1.0,2.47,20.0,1.573,1.359,1.518,0.043439319301388266,0.8430362740707569,0.014050604567845947,0.0807769816390506,0.013098969995521719,0.005597850425436633,0.04352619793999104,0.3419928528821451,0.000703935288849082,0.051454885951893646,0.009657960217448684,0.0036950237986083704,0.4510308560789359,1
116,1003,1.0,0,1666.0069170689947,21800.76584448103,0,False,776.0,15060.0,251.0,1443.0,234.0,100.0,17864.0,1.002,1.0,2.47,20.0,1.573,1.359,1.518,0.043439319301388266,0.8430362740707569,0.014050604567845947,0.0807769816390506,0.013098969995521719,0.005597850425436633,0.04352619793999104,0.3419928528821451,0.000703935288849082,0.051454885951893646,0.009657960217448684,0.0036950237986083704,0.4510308560789359,1
1190,1003,1.0,0,10748.364296869833,10748.364296869835,0,False,776.0,15060.0,251.0,1443.0,234.0,100.0,17864.0,1.002,1.0,2.47,20.0,1.573,1.359,1.518,0.043439319301388266,0.8430362740707569,0.014050604567845947,0.0807769816390506,0.013098969995521719,0.005597850425436633,0.04352619793999104,0.3419928528821451,0.000703935288849082,0.051454885951893646,0.009657960217448684,0.0036950237986083704,0.4510308560789359,1
1257,1003,1.0,0,10740.688878437964,10740.688878437964,0,False,776.0,15060.0,251.0,1443.0,234.0,100.0,17864.0,1.002,1.0,2.47,20.0,1.573,1.359,1.518,0.043439319301388266,0.8430362740707569,0.014050604567845947,0.0807769816390506,0.013098969995521719,0.005597850425436633,0.04352619793999104,0.3419928528821451,0.000703935288849082,0.051454885951893646,0.009657960217448684,0.0036950237986083704,0.4510308560789359,1
1324,1003,34.56,0,0.0,21481.377756875932,0,False,776.0,15060.0,251.0,1443.0,234.0,100.0,17864.0,1.002,1.0,2.47,20.0,1.573,1.359,1.518,0.043439319301388266,0.8430362740707569,0.014050604567845947,0.0807769816390506,0.013098969995521719,0.005597850425436633,0.0,0.0,0.0,0.0,0.0,0.0,0.0,4
1325,1003,32.14,0,10740.688878437964,10740.688878437964,0,False,776.0,15060.0,251.0,1443.0,234.0,100.0,17864.0,1.002,1.0,2.47,20.0,1.573,1.359,1.518,0.043439319301388266,0.8430362740707569,0.014050604567845947,0.0807769816390506,0.013098969995521719,0.005597850425436633,1.398932001791312,10.99165029163214,0.02262448018360949,1.6537600344938614,0.3104068413888007,0.118758064887273,14.496131714376997,1
1331,1003,10.69,0,10740.688878437964,10740.688878437964,0,False,776.0,15060.0,251.0,1443.0,234.0,100.0,17864.0,1.002,1.0,2.47,20.0,1.573,1.359,1.518,0.043439319301388266,0.8430362740707569,0.014050604567845947,0.0807769816390506,0.013098969995521719,0.005597850425436633,0.46529505597850424,3.655903597310131,0.007525068237796686,0.5500527308257431,0.10324359472452643,0.03949980440712347,4.821519851483825,1
1339,1003,1.0,0,19247.402000117676,35480.358929642825,0,False,776.0,15060.0,251.0,1443.0,234.0,100.0,17864.0,1.002,1.0,2.47,20.0,1.573,1.359,1.518,0.043439319301388266,0.8430362740707569,0.014050604567845947,0.0807769816390506,0.013098969995521719,0.005597850425436633,0.04352619793999104,0.3419928528821451,0.000703935288849082,0.051454885951893646,0.009657960217448684,0.0036950237986083704,0.4510308560789359,1
1343,1003,13.02,0,12624.92452785803,29270.89849607715,0,False,776.0,15060.0,251.0,1443.0,234.0,100.0,17864.0,1.002,1.0,2.47,20.0,1.573,1.359,1.518,0.043439319301388266,0.8430362740707569,0.014050604567845947,0.0807769816390506,0.013098969995521719,0.005597850425436633,0.5667110971786834,4.452746944525529,0.009165237460815047,0.6699426150936552,0.12574664203118188,0.048109209857880975,5.872421746147745,1
1344,1003,1.0,0,2456.281912493859,21729.233790152928,0,False,776.0,15060.0,251.0,1443.0,234.0,100.0,17864.0,1.002,1.0,2.47,20.0,1.573,1.359,1.518,0.043439319301388266,0.8430362740707569,0.014050604567845947,0.0807769816390506,0.013098969995521719,0.005597850425436633,0.04352619793999104,0.3419928528821451,0.000703935288849082,0.051454885951893646,0.009657960217448684,0.0036950237986083704,0.4510308560789359,1
1346,1003,16.25,0,11.832403189536198,21493.21016006547,0,False,776.0,15060.0,251.0,1443.0,234.0,100.0,17864.0,1.002,1.0,2.47,20.0,1.573,1.359,1.518,0.043439319301388266,0.8430362740707569,0.014050604567845947,0.0807769816390506,0.013098969995521719,0.005597850425436633,0.7073007165248544,5.557383859334857,0.011438948443797581,0.8361418967182718,0.15694185353354112,0.06004413672738601,7.3292514112827085,1
1348,1003,13.22,0,10740.688878437964,10740.688878437964,0,False,776.0,15060.0,251.0,1443.0,234.0,100.0,17864.0,1.002,1.0,2.47,20.0,1.573,1.359,1.518,0.043439319301388266,0.8430362740707569,0.014050604567845947,0.0807769816390506,0.013098969995521719,0.005597850425436633,0.5754163367666817,4.521145515101959,0.009306024518584864,0.680233592284034,0.12767823407467163,0.048848214617602664,5.962627917363534,1
1350,1003,11.07,0,10740.688878437964,10740.688878437964,0,False,776.0,15060.0,251.0,1443.0,234.0,100.0,17864.0,1.002,1.0,2.47,20.0,1.573,1.359,1.518,0.043439319301388266,0.8430362740707569,0.014050604567845947,0.0807769816390506,0.013098969995521719,0.005597850425436633,0.4818350111957009,3.785860881405346,0.0077925636475593375,0.5696055874874627,0.10691361960715695,0.04090391345059466,4.99291157679382,1
143,1003,1.0,0,65477.04057331753,80470.38406074375,0,False,776.0,15060.0,251.0,1443.0,234.0,100.0,17864.0,1.002,1.0,2.47,20.0,1.573,1.359,1.518,0.043439319301388266,0.8430362740707569,0.014050604567845947,0.0807769816390506,0.013098969995521719,0.005597850425436633,0.04352619793999104,0.3419928528821451,0.000703935288849082,0.051454885951893646,0.009657960217448684,0.0036950237986083704,0.4510308560789359,1
204,1003,1.0,0,11.832403189536198,21493.21016006547,0,False,776.0,15060.0,251.0,1443.0,234.0,100.0,17864.0,1.002,1.0,2.47,20.0,1.573,1.359,1.518,0.043439319301388266,0.8430362740707569,0.014050604567845947,0.0807769816390506,0.013098969995521719,0.005597850425436633,0.04352619793999104,0.3419928528821451,0.000703935288849082,0.051454885951893646,0.009657960217448684,0.0036950237986083704,0.4510308560789359,1
205,1003,19.26,0,11.832403189536198,21493.21016006547,0,False,776.0,15060.0,251.0,1443.0,234.0,100.0,17864.0,1.002,1.0,2.47,20.0,1.573,1.359,1.518,0.043439319301388266,0.8430362740707569,0.014050604567845947,0.0807769816390506,0.013098969995521719,0.005597850425436633,0.8383145723242275,6.586782346510114,0.013557793663233317,0.9910211034334716,0.18601231378806166,0.0711661583611972,8.686854288080307,1
207,1003,1.0,0,26584.105755380766,42817.06268490594,0,False,776.0,15060.0,251.0,1443.0,234.0,100.0,17864.0,1.002,1.0,2.47,20.0,1.573,1.359,1.518,0.043439319301388266,0.8430362740707569,0.014050604567845947,0.0807769816390506,0.013098969995521719,0.005597850425436633,0.04352619793999104,0.3419928528821451,0.000703935288849082,0.051454885951893646,0.009657960217448684,0.0036950237986083704,0.4510308560789359,1
211,1003,13.61,0,10740.688878437964,10740.688878437964,0,False,776.0,15060.0,251.0,1443.0,234.0,100.0,17864.0,1.002,1.0,2.47,20.0,1.573,1.359,1.518,0.043439319301388266,0.8430362740707569,0.014050604567845947,0.0807769816390506,0.013098969995521719,0.005597850425436633,0.592391553963278,4.654522727725994,0.009580559281236006,0.7003009978052724,0.1314448385594766,0.05028927389905991,6.138529951234317,1
106,1005,1.0,0,3612.6680555786616,3612.6680555786616,0,False,776.0,15060.0,251.0,1443.0,234.0,100.0,17864.0,1.002,1.0,2.47,20.0,1.573,1.359,1.518,0.043439319301388266,0.8430362740707569,0.014050604567845947,0.0807769816390506,0.013098969995521719,0.005597850425436633,0.04352619793999104,0.3419928528821451,0.000703935288849082,0.051454885951893646,0.009657960217448684,0.0036950237986083704,0.4510308560789359,1
1291,1005,1.0,0,0.0,0.0,0,False,776.0,15060.0,251.0,1443.0,234.0,100.0,17864.0,1.002,1.0,2.47,20.0,1.573,1.359,1.518,0.043439319301388266,0.8430362740707569,0.014050604567845947,0.0807769816390506,0.013098969995521719,0.005597850425436633,0.0,0.0,0.0,0.0,0.0,0.0,0.0,4
1324,1005,1.0,0,10740.68887843797,10740.68887843797,0,False,776.0,15060.0,251.0,1443.0,234.0,100.0,17864.0,1.002,1.0,2.47,20.0,1.573,1.359,1.518,0.043439319301388266,0.8430362740707569,0.014050604567845947,0.0807769816390506,0.013098969995521719,0.005597850425436633,0.04352619793999104,0.3419928528821451,0.000703935288849082,0.051454885951893646,0.009657960217448684,0.0036950237986083704,0.4510308560789359,1
1325,1005,10.83,0,0.0,0.0,0,False,776.0,15060.0,251.0,1443.0,234.0,100.0,17864.0,1.002,1.0,2.47,20.0,1.573,1.359,1.518,0.043439319301388266,0.8430362740707569,0.014050604567845947,0.0807769816390506,0.013098969995521719,0.005597850425436633,0.0,0.0,0.0,0.0,0.0,0.0,0.0,4
1346,1005,1.0,0,10752.521281627507,10752.521281627507,0,False,776.0,15060.0,251.0,1443.0,234.0,100.0,17864.0,1.002,1.0,2.47,20.0,1.573,1.359,1.518,0.043439319301388266,0.8430362740707569,0.014050604567845947,0.0807769816390506,0.013098969995521719,0.005597850425436633,0.04352619793999104,0.3419928528821451,0.000703935288849082,0.051454885951893646,0.009657960217448684,0.0036950237986083704,0.4510308560789359,1
1348,1005,1.0,0,0.0,0.0,0,False,776.0,15060.0,251.0,1443.0,234.0,100.0,17864.0,1.002,1.0,2.47,20.0,1.573,1.359,1.518,0.043439319301388266,0.8430362740707569,0.014050604567845947,0.0807769816390506,0.013098969995521719,0.005597850425436633,0.0,0.0,0.0,0.0,0.0,0.0,0.0,4
1350,1005,1.0,0,0.0,0.0,0,False,776.0,15060.0,251.0,1443.0,234.0,100.0,17864.0,1.002,1.0,2.47,20.0,1.573,1.359,1.518,0.043439319301388266,0.8430362740707569,0.014050604567845947,0.0807769816390506,0.013098969995521719,0.005597850425436633,0.0,0.0,0.0,0.0,0.0,0.0,0.0,4
3,1005,1.0,0,174947.20399875363,174947.20399875363,0,False,776.0,15060.0,251.0,1443.0,234.0,100.0,17864.0,1.002,1.0,2.47,20.0,1.573,1.359,1.518,0.043439319301388266,0.8430362740707569,0.014050604567845947,0.0807769816390506,0.013098969995521719,0.005597850425436633,0.04352619793999104,0.3419928528821451,0.000703935288849082,0.051454885951893646,0.009657960217448684,0.0036950237986083704,0.4510308560789359,1
1324,1006,1.0,0,11.832403189536198,21493.21016006547,0,False,776.0,15060.0,251.0,1443.0,234.0,100.0,17864.0,1.002,1.0,2.47,20.0,1.573,1.359,1.518,0.043439319301388266,0.8430362740707569,0.014050604567845947,0.0807769816390506,0.013098969995521719,0.005597850425436633,0.04352619793999104,0.3419928528821451,0.000703935288849082,0.051454885951893646,0.009657960217448684,0.0036950237986083704,0.4510308560789359,1
1325,1006,1.0,0,10752.5212816275,10752.5212816275,0,False,776.0,15060.0,251.0,1443.0,234.0,100.0,17864.0,1.002,1.0,2.47,20.0,1.573,1.359,1.518,0.043439319301388266,0.8430362740707569,0.014050604567845947,0.0807769816390506,0.013098969995521719,0.005597850425436633,0.04352619793999104,0.3419928528821451,0.000703935288849082,0.051454885951893646,0.009657960217448684,0.0036950237986083704,0.4510308560789359,1
1324,1007,1.0,0,11.832403189536198,21493.21016006547,0,False,776.0,15060.0,251.0,1443.0,234.0,100.0,17864.0,1.002,1.0,2.47,20.0,1.573,1.359,1.518,0.043439319301388266,0.8430362740707569,0.014050604567845947,0.0807769816390506,0.013098969995521719,0.005597850425436633,0.04352619793999104,0.3419928528821451,0.000703935288849082,0.051454885951893646,0.009657960217448684,0.0036950237986083704,0.4510308560789359,1
1325,1007,1.0,0,10752.5212816275,10752.5212816275,0,False,776.0,15060.0,251.0,1443.0,234.0,100.0,17864.0,1.002,1.0,2.47,20.0,1.573,1.359,1.518,0.043439319301388266,0.8430362740707569,0.014050604567845947,0.0807769816390506,0.013098969995521719,0.005597850425436633,0.04352619793999104,0.3419928528821451,0.000703935288849082,0.051454885951893646,0.009657960217448684,0.0036950237986083704,0.4510308560789359,1
1346,1007,1.0,0,0.0,21505.042563255007,0,False,776.0,15060.0,251.0,1443.0,234.0,100.0,17864.0,1.002,1.0,2.47,20.0,1.573,1.359,1.518,0.043439319301388266,0.8430362740707569,0.014050604567845947,0.0807769816390506,0.013098969995521719,0.005597850425436633,0.0,0.0,0.0,0.0,0.0,0.0,0.0,4
1348,1007,1.0,0,10752.5212816275,10752.5212816275,0,False,776.0,15060.0,251.0,1443.0,234.0,100.0,17864.0,1.002,1.0,2.47,20.0,1.573,1.359,1.518,0.043439319301388266,0.8430362740707569,0.014050604567845947,0.0807769816390506,0.013098969995521719,0.005597850425436633,0.04352619793999104,0.3419928528821451,0.000703935288849082,0.051454885951893646,0.009657960217448684,0.0036950237986083704,0.4510308560789359,1
205,1007,1.0,0,0.0,21505.042563255007,0,False,776.0,15060.0,251.0,1443.0,234.0,100.0,17864.0,1.002,1.0,2.47,20.0,1.573,1.359,1.518,0.043439319301388266,0.8430362740707569,0.014050604567845947,0.0807769816390506,0.013098969995521719,0.005597850425436633,0.0,0.0,0.0,0.0,0.0,0.0,0.0,4
1324,1008,1.0,0,11.832403189536198,21493.21016006547,0,False,776.0,15060.0,251.0,1443.0,234.0,100.0,17864.0,1.002,1.0,2.47,20.0,1.573,1.359,1.518,0.043439319301388266,0.8430362740707569,0.014050604567845947,0.0807769816390506,0.013098969995521719,0.005597850425436633,0.04352619793999104,0.3419928528821451,0.000703935288849082,0.051454885951893646,0.009657960217448684,0.0036950237986083704,0.4510308560789359,1
1346,1008,11.04,0,0.0,21505.042563255007,0,False,776.0,15060.0,251.0,1443.0,234.0,100.0,17864.0,1.002,1.0,2.47,20.0,1.573,1.359,1.518,0.043439319301388266,0.8430362740707569,0.014050604567845947,0.0807769816390506,0.013098969995521719,0.005597850425436633,0.0,0.0,0.0,0.0,0.0,0.0,0.0,4
1348,1008,1.0,0,10752.5212816275,10752.5212816275,0,False,776.0,15060.0,251.0,1443.0,234.0,100.0,17864.0,1.002,1.0,2.47,20.0,1.573,1.359,1.518,0.043439319301388266,0.8430362740707569,0.014050604567845947,0.0807769816390506,0.013098969995521719,0.005597850425436633,0.04352619793999104,0.3419928528821451,0.000703935288849082,0.051454885951893646,0.009657960217448684,0.0036950237986083704,0.4510308560789359,1
1324,1009,1.0,0,11.832403189536198,21493.21016006547,0,False,776.0,15060.0,251.0,1443.0,234.0,100.0,17864.0,1.002,1.0,2.47,20.0,1.573,1.359,1.518,0.043439319301388266,0.8430362740707569,0.014050604567845947,0.0807769816390506,0.013098969995521719,0.005597850425436633,0.04352619793999104,0.3419928528821451,0.000703935288849082,0.051454885951893646,0.009657960217448684,0.0036950237986083704,0.4510308560789359,1
1330,1009,1.0,0,10752.5212816275,10752.5212816275,0,False,776.0,15060.0,251.0,1443.0,234.0,100.0,17864.0,1.002,1.0,2.47,20.0,1.573,1.359,1.518,0.043439319301388266,0.8430362740707569,0.014050604567845947,0.0807769816390506,0.013098969995521719,0.005597850425436633,0.04352619793999104,0.3419928528821451,0.000703935288849082,0.051454885951893646,0.009657960217448684,0.0036950237986083704,0.4510308560789359,1
1331,1009,1.0,0,10752.5212816275,10752.5212816275,0,False,776.0,15060.0,251.0,1443.0,234.0,100.0,17864.0,1.002,1.0,2.47,20.0,1.573,1.359,1.518,0.043439319301388266,0.8430362740707569,0.014050604567845947,0.0807769816390506,0.013098969995521719,0.005597850425436633,0.04352619793999104,0.3419928528821451,0.000703935288849082,0.051454885951893646,0.009657960217448684,0.0036950237986083704,0.4510308560789359,1
1346,1009,1.0,0,0.0,21505.042563255007,0,False,776.0,15060.0,251.0,1443.0,234.0,100.0,17864.0,1.002,1.0,2.47,20.0,1.573,1.359,1.518,0.043439319301388266,0.8430362740707569,0.014050604567845947,0.0807769816390506,0.013098969995521719,0.005597850425436633,0.0,0.0,0.0,0.0,0.0,0.0,0.0,4
1348,1009,12.71,0,10752.5212816275,10752.5212816275,0,False,776.0,15060.0,251.0,1443.0,234.0,100.0,17864.0,1.002,1.0,2.47,20.0,1.573,1.359,1.518,0.043439319301388266,0.8430362740707569,0.014050604567845947,0.0807769816390506,0.013098969995521719,0.005597850425436633,0.5532179758172862,4.346729160132065,0.008947017521271833,0.6539916004485683,0.1227526743637728,0.04696375248031239,5.732602180763276,1
2,1009,11.58,0,177048.17386417394,186491.51188078706,0,False,776.0,15060.0,251.0,1443.0,234.0,100.0,17864.0,1.002,1.0,2.47,20.0,1.573,1.359,1.518,0.043439319301388266,0.8430362740707569,0.014050604567845947,0.0807769816390506,0.013098969995521719,0.005597850425436633,0.5040333721450962,3.9602772363752403,0.00815157064487237,0.5958475793229284,0.11183917931805577,0.04278837558788493,5.222937313394079,1
24,1009,11.66,0,135478.5920542259,140471.5457443611,0,False,776.0,15060.0,251.0,1443.0,234.0,100.0,17864.0,1.002,1.0,2.47,20.0,1.573,1.359,1.518,0.043439319301388266,0.8430362740707569,0.014050604567845947,0.0807769816390506,0.013098969995521719,0.005597850425436633,0.5075154679802956,3.987636664605812,0.008207885467980295,0.59996397019908,0.11261181613545167,0.0430839774917736,5.259019781880394,1
26,1009,11.11,0,177048.17386417394,186491.51188078706,0,False,776.0,15060.0,251.0,1443.0,234.0,100.0,17864.0,1.002,1.0,2.47,20.0,1.573,1.359,1.518,0.043439319301388266,0.8430362740707569,0.014050604567845947,0.0807769816390506,0.013098969995521719,0.005597850425436633,0.4835760591133005,3.799540595520632,0.0078207210591133,0.5716637829255384,0.1072999380158549,0.041051714402539,5.0109528110369785,1
5,1009,1.0,0,173568.00548697967,183011.34350359265,0,False,776.0,15060.0,251.0,1443.0,234.0,100.0,17864.0,1.002,1.0,2.47,20.0,1.573,1.359,1.518,0.043439319301388266,0.8430362740707569,0.014050604567845947,0.0807769816390506,0.013098969995521719,0.005597850425436633,0.04352619793999104,0.3419928528821451,0.000703935288849082,0.051454885951893646,0.009657960217448684,0.0036950237986083704,0.4510308560789359,1
8,1009,1.0,0,177048.17386417394,186491.51188078706,0,False,776.0,15060.0,251.0,1443.0,234.0,100.0,17864.0,1.002,1.0,2.47,20.0,1.573,1.359,1.518,0.043439319301388266,0.8430362740707569,0.014050604567845947,0.0807769816390506,0.013098969995521719,0.005597850425436633,0.04352619793999104,0.3419928528821451,0.000703935288849082,0.051454885951893646,0.009657960217448684,0.0036950237986083704,0.4510308560789359,1
1027,101,1.0,0,38841.72643526793,38841.72643526793,0,False,776.0,15060.0,251.0,1443.0,234.0,100.0,17864.0,1.002,1.0,2.47,20.0,1.573,1.359,1.518,0.043439319301388266,0.8430362740707569,0.014050604567845947,0.0807769816390506,0.013098969995521719,0.005597850425436633,0.04352619793999104,0.3419928528821451,0.000703935288849082,0.051454885951893646,0.009657960217448684,0.0036950237986083704,0.4510308560789359,1
1293,101,1.0,0,38841.72643526793,38841.72643526793,0,False,776.0,15060.0,251.0,1443.0,234.0,100.0,17864.0,1.002,1.0,2.47,20.0,1.573,1.359,1.518,0.043439319301388266,0.8430362740707569,0.014050604567845947,0.0807769816390506,0.013098969995521719,0.005597850425436633,0.04352619793999104,0.3419928528821451,0.000703935288849082,0.051454885951893646,0.009657960217448684,0.0036950237986083704,0.4510308560789359,1
1324,101,1.0,0,46597.80709745693,49582.4153137059,0,False,776.0,15060.0,251.0,1443.0,234.0,100.0,17864.0,1.002,1.0,2.47,20.0,1.573,1.359,1.518,0.043439319301388266,0.8430362740707569,0.014050604567845947,0.0807769816390506,0.013098969995521719,0.005597850425436633,0.04352619793999104,0.3419928528821451,0.000703935288849082,0.051454885951893646,0.009657960217448684,0.0036950237986083704,0.4510308560789359,1
1348,101,1.0,0,38841.72643526793,38841.72643526793,0,False,776.0,15060.0,251.0,1443.0,234.0,100.0,17864.0,1.002,1.0,2.47,20.0,1.573,1.359,1.518,0.043439319301388266,0.8430362740707569,0.014050604567845947,0.0807769816390506,0.013098969995521719,0.005597850425436633,0.04352619793999104,0.3419928528821451,0.000703935288849082,0.051454885951893646,0.009657960217448684,0.0036950237986083704,0.4510308560789359,1
1324,1010,12.81,0,0.0,21481.377756875932,0,False,776.0,15060.0,251.0,1443.0,234.0,100.0,17864.0,1.002,1.0,2.47,20.0,1.573,1.359,1.518,0.043439319301388266,0.8430362740707569,0.014050604567845947,0.0807769816390506,0.013098969995521719,0.005597850425436633,0.0,0.0,0.0,0.0,0.0,0.0,0.0,4
1325,1010,1.0,0,10740.688878437964,10740.688878437964,0,False,776.0,15060.0,251.0,1443.0,234.0,100.0,17864.0,1.002,1.0,2.47,20.0,1.573,1.359,1.518,0.043439319301388266,0.8430362740707569,0.014050604567845947,0.0807769816390506,0.013098969995521719,0.005597850425436633,0.04352619793999104,0.3419928528821451,0.000703935288849082,0.051454885951893646,0.009657960217448684,0.0036950237986083704,0.4510308560789359,1
1348,1010,1.0,0,10740.688878437964,10740.688878437964,0,False,776.0,15060.0,251.0,1443.0,234.0,100.0,17864.0,1.002,1.0,2.47,20.0,1.573,1.359,1.518,0.043439319301388266,0.8430362740707569,0.014050604567845947,0.0807769816390506,0.013098969995521719,0.005597850425436633,0.04352619793999104,0.3419928528821451,0.000703935288849082,0.051454885951893646,0.009657960217448684,0.0036950237986083704,0.4510308560789359,1
25,1010,1.0,0,177036.3414609844,186479.67947759753,0,False,776.0,15060.0,251.0,1443.0,234.0,100.0,17864.0,1.002,1.0,2.47,20.0,1.573,1.359,1.518,0.043439319301388266,0.8430362740707569,0.014050604567845947,0.0807769816390506,0.013098969995521719,0.005597850425436633,0.04352619793999104,0.3419928528821451,0.000703935288849082,0.051454885951893646,0.009657960217448684,0.0036950237986083704,0.4510308560789359,1
3,1010,1.0,0,176244.55486057833,185687.8928771916,0,False,776.0,15060.0,251.0,1443.0,234.0,100.0,17864.0,1.002,1.0,2.47,20.0,1.573,1.359,1.518,0.043439319301388266,0.8430362740707569,0.014050604567845947,0.0807769816390506,0.013098969995521719,0.005597850425436633,0.04352619793999104,0.3419928528821451,0.000703935288849082,0.051454885951893646,0.009657960217448684,0.0036950237986083704,0.4510308560789359,1
1324,1011,1.0,0,11.832403189536198,21493.21016006547,0,False,776.0,15060.0,251.0,1443.0,234.0,100.0,17864.0,1.002,1.0,2.47,20.0,1.573,1.359,1.518,0.043439319301388266,0.8430362740707569,0.014050604567845947,0.0807769816390506,0.013098969995521719,0.005597850425436633,0.04352619793999104,0.3419928528821451,0.000703935288849082,0.051454885951893646,0.009657960217448684,0.0036950237986083704,0.4510308560789359,1
1325,1011,1.0,0,10752.5212816275,10752.5212816275,0,False,776.0,15060.0,251.0,1443.0,234.0,100.0,17864.0,1.002,1.0,2.47,20.0,1.573,1.359,1.518,0.043439319301388266,0.8430362740707569,0.014050604567845947,0.0807769816390506,0.013098969995521719,0.005597850425436633,0.04352619793999104,0.3419928528821451,0.000703935288849082,0.051454885951893646,0.009657960217448684,0.0036950237986083704,0.4510308560789359,1
1331,1011,1.0,0,10752.5212816275,10752.5212816275,0,False,776.0,15060.0,251.0,1443.0,234.0,100.0,17864.0,1.002,1.0,2.47,20.0,1.573,1.359,1.518,0.043439319301388266,0.8430362740707569,0.014050604567845947,0.0807769816390506,0.013098969995521719,0.005597850425436633,0.04352619793999104,0.3419928528821451,0.000703935288849082,0.051454885951893646,0.009657960217448684,0.0036950237986083704,0.4510308560789359,1
1346,1011,1.0,0,0.0,21505.042563255007,0,False,776.0,15060.0,251.0,1443.0,234.0,100.0,17864.0,1.002,1.0,2.47,20.0,1.573,1.359,1.518,0.043439319301388266,0.8430362740707569,0.014050604567845947,0.0807769816390506,0.013098969995521719,0.005597850425436633,0.0,0.0,0.0,0.0,0.0,0.0,0.0,4
1349,1011,1.0,0,11.832403189536198,21493.21016006547,0,False,776.0,15060.0,251.0,1443.0,234.0,100.0,17864.0,1.002,1.0,2.47,20.0,1.573,1.359,1.518,0.043439319301388266,0.8430362740707569,0.014050604567845947,0.0807769816390506,0.013098969995521719,0.005597850425436633,0.04352619793999104,0.3419928528821451,0.000703935288849082,0.051454885951893646,0.009657960217448684,0.0036950237986083704,0.4510308560789359,1
25,1011,1.0,0,177048.17386417394,186491.51188078706,0,False,776.0,15060.0,251.0,1443.0,234.0,100.0,17864.0,1.002,1.0,2.47,20.0,1.573,1.359,1.518,0.043439319301388266,0.8430362740707569,0.014050604567845947,0.0807769816390506,0.013098969995521719,0.005597850425436633,0.04352619793999104,0.3419928528821451,0.000703935288849082,0.051454885951893646,0.009657960217448684,0.0036950237986083704,0.4510308560789359,1
26,1011,1.0,0,177048.17386417394,186491.51188078706,0,False,776.0,15060.0,251.0,1443.0,234.0,100.0,17864.0,1.002,1.0,2.47,20.0,1.573,1.359,1.518,0.043439319301388266,0.8430362740707569,0.014050604567845947,0.0807769816390506,0.013098969995521719,0.005597850425436633,0.04352619793999104,0.3419928528821451,0.000703935288849082,0.051454885951893646,0.009657960217448684,0.0036950237986083704,0.4510308560789359,1
1324,1013,1.0,0,11.832403189536198,21493.21016006547,0,False,776.0,15060.0,251.0,1443.0,234.0,100.0,17864.0,1.002,1.0,2.47,20.0,1.573,1.359,1.518,0.043439319301388266,0.8430362740707569,0.014050604567845947,0.0807769816390506,0.013098969995521719,0.005597850425436633,0.04352619793999104,0.3419928528821451,0.000703935288849082,0.051454885951893646,0.009657960217448684,0.0036950237986083704,0.4510308560789359,1
1325,1013,1.0,0,10752.5212816275,10752.5212816275,0,False,776.0,15060.0,251.0,1443.0,234.0,100.0,17864.0,1.002,1.0,2.47,20.0,1.573,1.359,1.518,0.043439319301388266,0.8430362740707569,0.014050604567845947,0.0807769816390506,0.013098969995521719,0.005597850425436633,0.04352619793999104,0.3419928528821451,0.000703935288849082,0.051454885951893646,0.009657960217448684,0.0036950237986083704,0.4510308560789359,1
1324,1014,1.0,0,11.832403189536198,21493.21016006547,0,False,776.0,15060.0,251.0,1443.0,234.0,100.0,17864.0,1.002,1.0,2.47,20.0,1.573,1.359,1.518,0.043439319301388266,0.8430362740707569,0.014050604567845947,0.0807769816390506,0.013098969995521719,0.005597850425436633,0.04352619793999104,0.3419928528821451,0.000703935288849082,0.051454885951893646,0.009657960217448684,0.0036950237986083704,0.4510308560789359,1
1325,1014,1.0,0,10752.5212816275,10752.5212816275,0,False,776.0,15060.0,251.0,1443.0,234.0,100.0,17864.0,1.002,1.0,2.47,20.0,1.573,1.359,1.518,0.043439319301388266,0.8430362740707569,0.014050604567845947,0.0807769816390506,0.013098969995521719,0.005597850425436633,0.04352619793999104,0.3419928528821451,0.000703935288849082,0.051454885951893646,0.009657960217448684,0.0036950237986083704,0.4510308560789359,1
1346,1014,1.0,0,0.0,21505.042563255007,0,False,776.0,15060.0,251.0,1443.0,234.0,100.0,17864.0,1.002,1.0,2.47,20.0,1.573,1.359,1.518,0.043439319301388266,0.8430362740707569,0.014050604567845947,0.0807769816390506,0.013098969995521719,0.005597850425436633,0.0,0.0,0.0,0.0,0.0,0.0,0.0,4
1348,1014,1.0,0,10752.5212816275,10752.5212816275,0,False,776.0,15060.0,251.0,1443.0,234.0,100.0,17864.0,1.002,1.0,2.47,20.0,1.573,1.359,1.518,0.043439319301388266,0.8430362740707569,0.014050604567845947,0.0807769816390506,0.013098969995521719,0.005597850425436633,0.04352619793999104,0.3419928528821451,0.000703935288849082,0.051454885951893646,0.009657960217448684,0.0036950237986083704,0.4510308560789359,1
1350,1014,1.0,0,10752.5212816275,10752.5212816275,0,False,776.0,15060.0,251.0,1443.0,234.0,100.0,17864.0,1.002,1.0,2.47,20.0,1.573,1.359,1.518,0.043439319301388266,0.8430362740707569,0.014050604567845947,0.0807769816390506,0.013098969995521719,0.005597850425436633,0.04352619793999104,0.3419928528821451,0.000703935288849082,0.051454885951893646,0.009657960217448684,0.0036950237986083704,0.4510308560789359,1
204,1014,1.0,0,0.0,21505.042563255007,0,False,776.0,15060.0,251.0,1443.0,234.0,100.0,17864.0,1.002,1.0,2.47,20.0,1.573,1.359,1.518,0.043439319301388266,0.8430362740707569,0.014050604567845947,0.0807769816390506,0.013098969995521719,0.005597850425436633,0.0,0.0,0.0,0.0,0.0,0.0,0.0,4
111,1015,1.0,0,46160.05726446577,61153.400751891946,0,False,776.0,15060.0,251.0,1443.0,234.0,100.0,17864.0,1.002,1.0,2.47,20.0,1.573,1.359,1.518,0.043439319301388266,0.8430362740707569,0.014050604567845947,0.0807769816390506,0.013098969995521719,0.005597850425436633,0.04352619793999104,0.3419928528821451,0.000703935288849082,0.051454885951893646,0.009657960217448684,0.0036950237986083704,0.4510308560789359,1
1324,1015,1.0,0,11.832403189536198,21493.21016006547,0,False,776.0,15060.0,251.0,1443.0,234.0,100.0,17864.0,1.002,1.0,2.47,20.0,1.573,1.359,1.518,0.043439319301388266,0.8430362740707569,0.014050604567845947,0.0807769816390506,0.013098969995521719,0.005597850425436633,0.04352619793999104,0.3419928528821451,0.000703935288849082,0.051454885951893646,0.009657960217448684,0.0036950237986083704,0.4510308560789359,1
1346,1015,11.62,0,0.0,21505.042563255007,0,False,776.0,15060.0,251.0,1443.0,234.0,100.0,17864.0,1.002,1.0,2.47,20.0,1.573,1.359,1.518,0.043439319301388266,0.8430362740707569,0.014050604567845947,0.0807769816390506,0.013098969995521719,0.005597850425436633,0.0,0.0,0.0,0.0,0.0,0.0,0.0,4
150,1015,1.0,0,14340.780025221125,17325.388241470057,0,False,776.0,15060.0,251.0,1443.0,234.0,100.0,17864.0,1.002,1.0,2.47,20.0,1.573,1.359,1.518,0.043439319301388266,0.8430362740707569,0.014050604567845947,0.0807769816390506,0.013098969995521719,0.005597850425436633,0.04352619793999104,0.3419928528821451,0.000703935288849082,0.051454885951893646,0.009657960217448684,0.0036950237986083704,0.4510308560789359,1
1348,1016,1.0,0,10752.5212816275,10752.5212816275,0,False,776.0,15060.0,251.0,1443.0,234.0,100.0,17864.0,1.002,1.0,2.47,20.0,1.573,1.359,1.518,0.043439319301388266,0.8430362740707569,0.014050604567845947,0.0807769816390506,0.013098969995521719,0.005597850425436633,0.04352619793999104,0.3419928528821451,0.000703935288849082,0.051454885951893646,0.009657960217448684,0.0036950237986083704,0.4510308560789359,1
114,1017,1.0,0,46160.05726446577,61153.400751891946,0,False,776.0,15060.0,251.0,1443.0,234.0,100.0,17864.0,1.002,1.0,2.47,20.0,1.573,1.359,1.518,0.043439319301388266,0.8430362740707569,0.014050604567845947,0.0807769816390506,0.013098969995521719,0.005597850425436633,0.04352619793999104,0.3419928528821451,0.000703935288849082,0.051454885951893646,0.009657960217448684,0.0036950237986083704,0.4510308560789359,1
1190,1017,1.0,0,10760.196700059369,10760.19670005937,0,False,776.0,15060.0,251.0,1443.0,234.0,100.0,17864.0,1.002,1.0,2.47,20.0,1.573,1.359,1.518,0.043439319301388266,0.8430362740707569,0.014050604567845947,0.0807769816390506,0.013098969995521719,0.005597850425436633,0.04352619793999104,0.3419928528821451,0.000703935288849082,0.051454885951893646,0.009657960217448684,0.0036950237986083704,0.4510308560789359,1
1196,1017,1.0,0,0.0,21505.042563255007,0,False,776.0,15060.0,251.0,1443.0,234.0,100.0,17864.0,1.002,1.0,2.47,20.0,1.573,1.359,1.518,0.043439319301388266,0.8430362740707569,0.014050604567845947,0.0807769816390506,0.013098969995521719,0.005597850425436633,0.0,0.0,0.0,0.0,0.0,0.0,0.0,4
1288,1017,1.0,0,10752.5212816275,10752.5212816275,0,False,776.0,15060.0,251.0,1443.0,234.0,100.0,17864.0,1.002,1.0,2.47,20.0,1.573,1.359,1.518,0.043439319301388266,0.8430362740707569,0.014050604567845947,0.0807769816390506,0.013098969995521719,0.005597850425436633,0.04352619793999104,0.3419928528821451,0.000703935288849082,0.051454885951893646,0.009657960217448684,0.0036950237986083704,0.4510308560789359,1
1324,1017,1.0,0,11.832403189536198,21493.21016006547,0,False,776.0,15060.0,251.0,1443.0,234.0,100.0,17864.0,1.002,1.0,2.47,20.0,1.573,1.359,1.518,0.043439319301388266,0.8430362740707569,0.014050604567845947,0.0807769816390506,0.013098969995521719,0.005597850425436633,0.04352619793999104,0.3419928528821451,0.000703935288849082,0.051454885951893646,0.009657960217448684,0.0036950237986083704,0.4510308560789359,1
1325,1017,1.0,0,10752.5212816275,10752.5212816275,0,False,776.0,15060.0,251.0,1443.0,234.0,100.0,17864.0,1.002,1.0,2.47,20.0,1.573,1.359,1.518,0.043439319301388266,0.8430362740707569,0.014050604567845947,0.0807769816390506,0.013098969995521719,0.005597850425436633,0.04352619793999104,0.3419928528821451,0.000703935288849082,0.051454885951893646,0.009657960217448684,0.0036950237986083704,0.4510308560789359,1
1330,1017,1.0,0,10752.5212816275,10752.5212816275,0,False,776.0,15060.0,251.0,1443.0,234.0,100.0,17864.0,1.002,1.0,2.47,20.0,1.573,1.359,1.518,0.043439319301388266,0.8430362740707569,0.014050604567845947,0.0807769816390506,0.013098969995521719,0.005597850425436633,0.04352619793999104,0.3419928528821451,0.000703935288849082,0.051454885951893646,0.009657960217448684,0.0036950237986083704,0.4510308560789359,1
1342,1017,1.0,0,26603.086394094946,42836.04332362011,0,False,776.0,15060.0,251.0,1443.0,234.0,100.0,17864.0,1.002,1.0,2.47,20.0,1.573,1.359,1.518,0.043439319301388266,0.8430362740707569,0.014050604567845947,0.0807769816390506,0.013098969995521719,0.005597850425436633,0.04352619793999104,0.3419928528821451,0.000703935288849082,0.051454885951893646,0.009657960217448684,0.0036950237986083704,0.4510308560789359,1
1346,1017,1.0,0,0.0,21505.042563255007,0,False,776.0,15060.0,251.0,1443.0,234.0,100.0,17864.0,1.002,1.0,2.47,20.0,1.573,1.359,1.518,0.043439319301388266,0.8430362740707569,0.014050604567845947,0.0807769816390506,0.013098969995521719,0.005597850425436633,0.0,0.0,0.0,0.0,0.0,0.0,0.0,4
1348,1017,1.0,0,10752.5212816275,10752.5212816275,0,False,776.0,15060.0,251.0,1443.0,234.0,100.0,17864.0,1.002,1.0,2.47,20.0,1.573,1.359,1.518,0.043439319301388266,0.8430362740707569,0.014050604567845947,0.0807769816390506,0.013098969995521719,0.005597850425436633,0.04352619793999104,0.3419928528821451,0.000703935288849082,0.051454885951893646,0.009657960217448684,0.0036950237986083704,0.4510308560789359,1
1350,1017,1.0,0,10752.5212816275,10752.5212816275,0,False,776.0,15060.0,251.0,1443.0,234.0,100.0,17864.0,1.002,1.0,2.47,20.0,1.573,1.359,1.518,0.043439319301388266,0.8430362740707569,0.014050604567845947,0.0807769816390506,0.013098969995521719,0.005597850425436633,0.04352619793999104,0.3419928528821451,0.000703935288849082,0.051454885951893646,0.009657960217448684,0.0036950237986083704,0.4510308560789359,1
1352,1017,10.39,0,10752.5212816275,10752.5212816275,0,False,776.0,15060.0,251.0,1443.0,234.0,100.0,17864.0,1.002,1.0,2.47,20.0,1.573,1.359,1.518,0.043439319301388266,0.8430362740707569,0.014050604567845947,0.0807769816390506,0.013098969995521719,0.005597850425436633,0.45223719659650696,3.5533057414454876,0.007313887651141962,0.534616265040175,0.10034620665929185,0.038391297267540966,4.686210594660144,1
25,1017,1.0,0,177048.17386417394,186491.51188078706,0,False,776.0,15060.0,251.0,1443.0,234.0,100.0,17864.0,1.002,1.0,2.47,20.0,1.573,1.359,1.518,0.043439319301388266,0.8430362740707569,0.014050604567845947,0.0807769816390506,0.013098969995521719,0.005597850425436633,0.04352619793999104,0.3419928528821451,0.000703935288849082,0.051454885951893646,0.009657960217448684,0.0036950237986083704,0.4510308560789359,1
1346,1018,1.0,0,0.0,21505.042563255007,0,False,776.0,15060.0,251.0,1443.0,234.0,100.0,17864.0,1.002,1.0,2.47,20.0,1.573,1.359,1.518,0.043439319301388266,0.8430362740707569,0.014050604567845947,0.0807769816390506,0.013098969995521719,0.005597850425436633,0.0,0.0,0.0,0.0,0.0,0.0,0.0,4
1324,1019,1.0,0,10740.68887843797,10740.68887843797,0,False,776.0,15060.0,251.0,1443.0,234.0,100.0,17864.0,1.002,1.0,2.47,20.0,1.573,1.359,1.518,0.043439319301388266,0.8430362740707569,0.014050604567845947,0.0807769816390506,0.013098969995521719,0.005597850425436633,0.04352619793999104,0.3419928528821451,0.000703935288849082,0.051454885951893646,0.009657960217448684,0.0036950237986083704,0.4510308560789359,1
1325,1019,1.0,0,0.0,0.0,0,False,776.0,15060.0,251.0,1443.0,234.0,100.0,17864.0,1.002,1.0,2.47,20.0,1.573,1.359,1.518,0.043439319301388266,0.8430362740707569,0.014050604567845947,0.0807769816390506,0.013098969995521719,0.005597850425436633,0.0,0.0,0.0,0.0,0.0,0.0,0.0,4
1331,1019,1.0,0,0.0,0.0,0,False,776.0,15060.0,251.0,1443.0,234.0,100.0,17864.0,1.002,1.0,2.47,20.0,1.573,1.359,1.518,0.043439319301388266,0.8430362740707569,0.014050604567845947,0.0807769816390506,0.013098969995521719,0.005597850425436633,0.0,0.0,0.0,0.0,0.0,0.0,0.0,4
1344,1019,1.0,0,10988.544911714964,10988.544911714964,0,False,776.0,15060.0,251.0,1443.0,234.0,100.0,17864.0,1.002,1.0,2.47,20.0,1.573,1.359,1.518,0.043439319301388266,0.8430362740707569,0.014050604567845947,0.0807769816390506,0.013098969995521719,0.005597850425436633,0.04352619793999104,0.3419928528821451,0.000703935288849082,0.051454885951893646,0.009657960217448684,0.0036950237986083704,0.4510308560789359,1
1346,1019,12.78,0,10752.521281627507,10752.521281627507,0,False,776.0,15060.0,251.0,1443.0,234.0,100.0,17864.0,1.002,1.0,2.47,20.0,1.573,1.359,1.518,0.043439319301388266,0.8430362740707569,0.014050604567845947,0.0807769816390506,0.013098969995521719,0.005597850425436633,0.5562648096730856,4.3706686598338145,0.008996292991491267,0.6575934424652008,0.12342873157899419,0.04722240414621497,5.764174340688801,1
1348,1019,1.0,0,0.0,0.0,0,False,776.0,15060.0,251.0,1443.0,234.0,100.0,17864.0,1.002,1.0,2.47,20.0,1.573,1.359,1.518,0.043439319301388266,0.8430362740707569,0.014050604567845947,0.0807769816390506,0.013098969995521719,0.005597850425436633,0.0,0.0,0.0,0.0,0.0,0.0,0.0,4
1350,1019,1.0,0,0.0,0.0,0,False,776.0,15060.0,251.0,1443.0,234.0,100.0,17864.0,1.002,1.0,2.47,20.0,1.573,1.359,1.518,0.043439319301388266,0.8430362740707569,0.014050604567845947,0.0807769816390506,0.013098969995521719,0.005597850425436633,0.0,0.0,0.0,0.0,0.0,0.0,0.0,4
1293,102,1.0,0,26217.890612455194,26217.890612455194,0,False,776.0,15060.0,251.0,1443.0,234.0,100.0,17864.0,1.002,1.0,2.47,20.0,1.573,1.359,1.518,0.043439319301388266,0.8430362740707569,0.014050604567845947,0.0807769816390506,0.013098969995521719,0.005597850425436633,0.04352619793999104,0.3419928528821451,0.000703935288849082,0.051454885951893646,0.009657960217448684,0.0036950237986083704,0.4510308560789359,1
1324,102,1.0,0,33436.71473517423,36958.579490893164,0,False,776.0,15060.0,251.0,1443.0,234.0,100.0,17864.0,1.002,1.0,2.47,20.0,1.573,1.359,1.518,0.043439319301388266,0.8430362740707569,0.014050604567845947,0.0807769816390506,0.013098969995521719,0.005597850425436633,0.04352619793999104,0.3419928528821451,0.000703935288849082,0.051454885951893646,0.009657960217448684,0.0036950237986083704,0.4510308560789359,1
1330,102,1.0,0,26217.890612455194,26217.890612455194,0,False,776.0,15060.0,251.0,1443.0,234.0,100.0,17864.0,1.002,1.0,2.47,20.0,1.573,1.359,1.518,0.043439319301388266,0.8430362740707569,0.014050604567845947,0.0807769816390506,0.013098969995521719,0.005597850425436633,0.04352619793999104,0.3419928528821451,0.000703935288849082,0.051454885951893646,0.009657960217448684,0.0036950237986083704,0.4510308560789359,1
1346,102,1.0,0,33448.54713836376,36970.4118940827,0,False,776.0,15060.0,251.0,1443.0,234.0,100.0,17864.0,1.002,1.0,2.47,20.0,1.573,1.359,1.518,0.043439319301388266,0.8430362740707569,0.014050604567845947,0.0807769816390506,0.013098969995521719,0.005597850425436633,0.04352619793999104,0.3419928528821451,0.000703935288849082,0.051454885951893646,0.009657960217448684,0.0036950237986083704,0.4510308560789359,1
1324,1020,23.34,0,10740.68887843797,10740.68887843797,0,False,776.0,15060.0,251.0,1443.0,234.0,100.0,17864.0,1.002,1.0,2.47,20.0,1.573,1.359,1.518,0.043439319301388266,0.8430362740707569,0.014050604567845947,0.0807769816390506,0.013098969995521719,0.005597850425436633,1.015901459919391,7.982113186269266,0.01642984964173757,1.2009570381171977,0.22541679147525231,0.08624185545951936,10.527060180882364,1
1325,1020,16.1,0,0.0,0.0,0,False,776.0,15060.0,251.0,1443.0,234.0,100.0,17864.0,1.002,1.0,2.47,20.0,1.573,1.359,1.518,0.043439319301388266,0.8430362740707569,0.014050604567845947,0.0807769816390506,0.013098969995521719,0.005597850425436633,0.0,0.0,0.0,0.0,0.0,0.0,0.0,4
1330,1020,1.0,0,0.0,0.0,0,False,776.0,15060.0,251.0,1443.0,234.0,100.0,17864.0,1.002,1.0,2.47,20.0,1.573,1.359,1.518,0.043439319301388266,0.8430362740707569,0.014050604567845947,0.0807769816390506,0.013098969995521719,0.005597850425436633,0.0,0.0,0.0,0.0,0.0,0.0,0.0,4
1331,1020,1.0,0,0.0,0.0,0,False,776.0,15060.0,251.0,1443.0,234.0,100.0,17864.0,1.002,1.0,2.47,20.0,1.573,1.359,1.518,0.043439319301388266,0.8430362740707569,0.014050604567845947,0.0807769816390506,0.013098969995521719,0.005597850425436633,0.0,0.0,0.0,0.0,0.0,0.0,0.0,4
1339,1020,1.0,0,24739.67005120486,24739.67005120486,0,False,776.0,15060.0,251.0,1443.0,234.0,100.0,17864.0,1.002,1.0,2.47,20.0,1.573,1.359,1.518,0.043439319301388266,0.8430362740707569,0.014050604567845947,0.0807769816390506,0.013098969995521719,0.005597850425436633,0.04352619793999104,0.3419928528821451,0.000703935288849082,0.051454885951893646,0.009657960217448684,0.0036950237986083704,0.4510308560789359,1
1346,1020,15.98,0,10752.521281627507,10752.521281627507,0,False,776.0,15060.0,251.0,1443.0,234.0,100.0,17864.0,1.002,1.0,2.47,20.0,1.573,1.359,1.518,0.043439319301388266,0.8430362740707569,0.014050604567845947,0.0807769816390506,0.013098969995521719,0.005597850425436633,0.6955486430810569,5.465045789056679,0.01124888591580833,0.8222490775112605,0.15433420427483002,0.05904648030176176,7.207473080141396,1
1348,1020,13.39,0,0.0,0.0,0,False,776.0,15060.0,251.0,1443.0,234.0,100.0,17864.0,1.002,1.0,2.47,20.0,1.573,1.359,1.518,0.043439319301388266,0.8430362740707569,0.014050604567845947,0.0807769816390506,0.013098969995521719,0.005597850425436633,0.0,0.0,0.0,0.0,0.0,0.0,0.0,4
1350,1020,10.5,0,0.0,0.0,0,False,776.0,15060.0,251.0,1443.0,234.0,100.0,17864.0,1.002,1.0,2.47,20.0,1.573,1.359,1.518,0.043439319301388266,0.8430362740707569,0.014050604567845947,0.0807769816390506,0.013098969995521719,0.005597850425436633,0.0,0.0,0.0,0.0,0.0,0.0,0.0,4
204,1020,1.0,0,10752.521281627507,10752.521281627507,0,False,776.0,15060.0,251.0,1443.0,234.0,100.0,17864.0,1.002,1.0,2.47,20.0,1.573,1.359,1.518,0.043439319301388266,0.8430362740707569,0.014050604567845947,0.0807769816390506,0.013098969995521719,0.005597850425436633,0.04352619793999104,0.3419928528821451,0.000703935288849082,0.051454885951893646,0.009657960217448684,0.0036950237986083704,0.4510308560789359,1
211,1020,13.54,0,0.0,0.0,0,False,776.0,15060.0,251.0,1443.0,234.0,100.0,17864.0,1.002,1.0,2.47,20.0,1.573,1.359,1.518,0.043439319301388266,0.8430362740707569,0.014050604567845947,0.0807769816390506,0.013098969995521719,0.005597850425436633,0.0,0.0,0.0,0.0,0.0,0.0,0.0,4
1102,1021,1.0,0,0.0,0.0,0,False,776.0,15060.0,251.0,1443.0,234.0,100.0,17864.0,1.002,1.0,2.47,20.0,1.573,1.359,1.518,0.043439319301388266,0.8430362740707569,0.014050604567845947,0.0807769816390506,0.013098969995521719,0.005597850425436633,0.0,0.0,0.0,0.0,0.0,0.0,0.0,4
1277,1021,1.0,0,0.0,0.0,0,False,776.0,15060.0,251.0,1443.0,234.0,100.0,17864.0,1.002,1.0,2.47,20.0,1.573,1.359,1.518,0.043439319301388266,0.8430362740707569,0.014050604567845947,0.0807769816390506,0.013098969995521719,0.005597850425436633,0.0,0.0,0.0,0.0,0.0,0.0,0.0,4
1324,1021,13.42,0,10740.68887843797,10740.68887843797,0,False,776.0,15060.0,251.0,1443.0,234.0,100.0,17864.0,1.002,1.0,2.47,20.0,1.573,1.359,1.518,0.043439319301388266,0.8430362740707569,0.014050604567845947,0.0807769816390506,0.013098969995521719,0.005597850425436633,0.5841215763546798,4.589544085678387,0.00944681157635468,0.6905245694744128,0.12960982611816135,0.04958721937732433,6.052834088579321,1
1325,1021,1.0,0,0.0,0.0,0,False,776.0,15060.0,251.0,1443.0,234.0,100.0,17864.0,1.002,1.0,2.47,20.0,1.573,1.359,1.518,0.043439319301388266,0.8430362740707569,0.014050604567845947,0.0807769816390506,0.013098969995521719,0.005597850425436633,0.0,0.0,0.0,0.0,0.0,0.0,0.0,4
1346,1021,1.0,0,10752.521281627507,10752.521281627507,0,False,776.0,15060.0,251.0,1443.0,234.0,100.0,17864.0,1.002,1.0,2.47,20.0,1.573,1.359,1.518,0.043439319301388266,0.8430362740707569,0.014050604567845947,0.0807769816390506,0.013098969995521719,0.005597850425436633,0.04352619793999104,0.3419928528821451,0.000703935288849082,0.051454885951893646,0.009657960217448684,0.0036950237986083704,0.4510308560789359,1
1348,1021,10.95,0,0.0,0.0,0,False,776.0,15060.0,251.0,1443.0,234.0,100.0,17864.0,1.002,1.0,2.47,20.0,1.573,1.359,1.518,0.043439319301388266,0.8430362740707569,0.014050604567845947,0.0807769816390506,0.013098969995521719,0.005597850425436633,0.0,0.0,0.0,0.0,0.0,0.0,0.0,4
1350,1021,1.0,0,0.0,0.0,0,False,776.0,15060.0,251.0,1443.0,234.0,100.0,17864.0,1.002,1.0,2.47,20.0,1.573,1.359,1.518,0.043439319301388266,0.8430362740707569,0.014050604567845947,0.0807769816390506,0.013098969995521719,0.005597850425436633,0.0,0.0,0.0,0.0,0.0,0.0,0.0,4
204,1021,1.0,0,10752.521281627507,10752.521281627507,0,False,776.0,15060.0,251.0,1443.0,234.0,100.0,17864.0,1.002,1.0,2.47,20.0,1.573,1.359,1.518,0.043439319301388266,0.8430362740707569,0.014050604567845947,0.0807769816390506,0.013098969995521719,0.005597850425436633,0.04352619793999104,0.3419928528821451,0.000703935288849082,0.051454885951893646,0.009657960217448684,0.0036950237986083704,0.4510308560789359,1
211,1021,1.0,0,0.0,0.0,0,False,776.0,15060.0,251.0,1443.0,234.0,100.0,17864.0,1.002,1.0,2.47,20.0,1.573,1.359,1.518,0.043439319301388266,0.8430362740707569,0.014050604567845947,0.0807769816390506,0.013098969995521719,0.005597850425436633,0.0,0.0,0.0,0.0,0.0,0.0,0.0,4
1022,1022,10.69,1,0.0,0.0,0,False,776.0,15060.0,251.0,1443.0,234.0,100.0,17864.0,1.002,1.0,2.47,20.0,1.573,1.359,1.518,0.043439319301388266,0.8430362740707569,0.014050604567845947,0.0807769816390506,0.013098969995521719,0.005597850425436633,0.0,0.0,0.0,0.0,0.0,0.0,0.0,4
1023,1022,1.0,0,0.0,0.0,0,False,776.0,15060.0,251.0,1443.0,234.0,100.0,17864.0,1.002,1.0,2.47,20.0,1.573,1.359,1.518,0.043439319301388266,0.8430362740707569,0.014050604567845947,0.0807769816390506,0.013098969995521719,0.005597850425436633,0.0,0.0,0.0,0.0,0.0,0.0,0.0,4
114,1022,1.0,0,50400.879470264445,50400.879470264445,0,False,776.0,15060.0,251.0,1443.0,234.0,100.0,17864.0,1.002,1.0,2.47,20.0,1.573,1.359,1.518,0.043439319301388266,0.8430362740707569,0.014050604567845947,0.0807769816390506,0.013098969995521719,0.005597850425436633,0.04352619793999104,0.3419928528821451,0.000703935288849082,0.051454885951893646,0.009657960217448684,0.0036950237986083704,0.4510308560789359,1
1187,1022,1.0,0,0.0,0.0,0,False,776.0,15060.0,251.0,1443.0,234.0,100.0,17864.0,1.002,1.0,2.47,20.0,1.573,1.359,1.518,0.043439319301388266,0.8430362740707569,0.014050604567845947,0.0807769816390506,0.013098969995521719,0.005597850425436633,0.0,0.0,0.0,0.0,0.0,0.0,0.0,4
1255,1022,1.0,0,0.0,0.0,0,False,776.0,15060.0,251.0,1443.0,234.0,100.0,17864.0,1.002,1.0,2.47,20.0,1.573,1.359,1.518,0.043439319301388266,0.8430362740707569,0.014050604567845947,0.0807769816390506,0.013098969995521719,0.005597850425436633,0.0,0.0,0.0,0.0,0.0,0.0,0.0,4
1324,1022,10.2,0,10740.68887843797,10740.68887843797,0,False,776.0,15060.0,251.0,1443.0,234.0,100.0,17864.0,1.002,1.0,2.47,20.0,1.573,1.359,1.518,0.043439319301388266,0.8430362740707569,0.014050604567845947,0.0807769816390506,0.013098969995521719,0.005597850425436633,0.44396721898790864,3.4883270993978797,0.007180139946260636,0.5248398367093152,0.09851119421797658,0.037689242745805374,4.600514732005145,1
1346,1022,1.0,0,10752.521281627507,10752.521281627507,0,False,776.0,15060.0,251.0,1443.0,234.0,100.0,17864.0,1.002,1.0,2.47,20.0,1.573,1.359,1.518,0.043439319301388266,0.8430362740707569,0.014050604567845947,0.0807769816390506,0.013098969995521719,0.005597850425436633,0.04352619793999104,0.3419928528821451,0.000703935288849082,0.051454885951893646,0.009657960217448684,0.0036950237986083704,0.4510308560789359,1
1348,1022,1.0,0,0.0,0.0,0,False,776.0,15060.0,251.0,1443.0,234.0,100.0,17864.0,1.002,1.0,2.47,20.0,1.573,1.359,1.518,0.043439319301388266,0.8430362740707569,0.014050604567845947,0.0807769816390506,0.013098969995521719,0.005597850425436633,0.0,0.0,0.0,0.0,0.0,0.0,0.0,4
204,1022,1.0,0,10752.521281627507,10752.521281627507,0,False,776.0,15060.0,251.0,1443.0,234.0,100.0,17864.0,1.002,1.0,2.47,20.0,1.573,1.359,1.518,0.043439319301388266,0.8430362740707569,0.014050604567845947,0.0807769816390506,0.013098969995521719,0.005597850425436633,0.04352619793999104,0.3419928528821451,0.000703935288849082,0.051454885951893646,0.009657960217448684,0.0036950237986083704,0.4510308560789359,1
1207,1023,1.0,0,10752.521281627507,10752.521281627507,0,False,776.0,15060.0,251.0,1443.0,234.0,100.0,17864.0,1.002,1.0,2.47,20.0,1.573,1.359,1.518,0.043439319301388266,0.8430362740707569,0.014050604567845947,0.0807769816390506,0.013098969995521719,0.005597850425436633,0.04352619793999104,0.3419928528821451,0.000703935288849082,0.051454885951893646,0.009657960217448684,0.0036950237986083704,0.4510308560789359,1
1324,1023,10.78,0,10740.68887843797,10740.68887843797,0,False,776.0,15060.0,251.0,1443.0,234.0,100.0,17864.0,1.002,1.0,2.47,20.0,1.573,1.359,1.518,0.043439319301388266,0.8430362740707569,0.014050604567845947,0.0807769816390506,0.013098969995521719,0.005597850425436633,0.46921241379310336,3.6866829540695236,0.007588422413793103,0.5546836705614134,0.1041128111440968,0.03983235654899823,4.8621126285309275,1
1325,1023,1.0,0,0.0,0.0,0,False,776.0,15060.0,251.0,1443.0,234.0,100.0,17864.0,1.002,1.0,2.47,20.0,1.573,1.359,1.518,0.043439319301388266,0.8430362740707569,0.014050604567845947,0.0807769816390506,0.013098969995521719,0.005597850425436633,0.0,0.0,0.0,0.0,0.0,0.0,0.0,4
1346,1023,11.05,0,10752.521281627507,10752.521281627507,0,False,776.0,15060.0,251.0,1443.0,234.0,100.0,17864.0,1.002,1.0,2.47,20.0,1.573,1.359,1.518,0.043439319301388266,0.8430362740707569,0.014050604567845947,0.0807769816390506,0.013098969995521719,0.005597850425436633,0.48096448723690105,3.779021024347703,0.007778484941782356,0.5685764897684248,0.10672046040280797,0.04083001297462249,4.983890959672243,1
1348,1023,1.0,0,0.0,0.0,0,False,776.0,15060.0,251.0,1443.0,234.0,100.0,17864.0,1.002,1.0,2.47,20.0,1.573,1.359,1.518,0.043439319301388266,0.8430362740707569,0.014050604567845947,0.0807769816390506,0.013098969995521719,0.005597850425436633,0.0,0.0,0.0,0.0,0.0,0.0,0.0,4
111,1024,1.0,0,50400.879470264445,50400.879470264445,0,False,776.0,15060.0,251.0,1443.0,234.0,100.0,17864.0,1.002,1.0,2.47,20.0,1.573,1.359,1.518,0.043439319301388266,0.8430362740707569,0.014050604567845947,0.0807769816390506,0.013098969995521719,0.005597850425436633,0.04352619793999104,0.3419928528821451,0.000703935288849082,0.051454885951893646,0.009657960217448684,0.0036950237986083704,0.4510308560789359,1
1324,1024,11.22,0,10740.68887843797,10740.68887843797,0,False,776.0,15060.0,251.0,1443.0,234.0,100.0,17864.0,1.002,1.0,2.47,20.0,1.573,1.359,1.518,0.043439319301388266,0.8430362740707569,0.014050604567845947,0.0807769816390506,0.013098969995521719,0.005597850425436633,0.4883639408866995,3.837159809337668,0.0078981539408867,0.5773238203802468,0.10836231363977424,0.04145816702038591,5.060566205205661,1
1325,1024,1.0,0,0.0,0.0,0,False,776.0,15060.0,251.0,1443.0,234.0,100.0,17864.0,1.002,1.0,2.47,20.0,1.573,1.359,1.518,0.043439319301388266,0.8430362740707569,0.014050604567845947,0.0807769816390506,0.013098969995521719,0.005597850425436633,0.0,0.0,0.0,0.0,0.0,0.0,0.0,4
1346,1024,1.0,0,10752.521281627507,10752.521281627507,0,False,776.0,15060.0,251.0,1443.0,234.0,100.0,17864.0,1.002,1.0,2.47,20.0,1.573,1.359,1.518,0.043439319301388266,0.8430362740707569,0.014050604567845947,0.0807769816390506,0.013098969995521719,0.005597850425436633,0.04352619793999104,0.3419928528821451,0.000703935288849082,0.051454885951893646,0.009657960217448684,0.0036950237986083704,0.4510308560789359,1
1348,1024,1.0,0,0.0,0.0,0,False,776.0,15060.0,251.0,1443.0,234.0,100.0,17864.0,1.002,1.0,2.47,20.0,1.573,1.359,1.518,0.043439319301388266,0.8430362740707569,0.014050604567845947,0.0807769816390506,0.013098969995521719,0.005597850425436633,0.0,0.0,0.0,0.0,0.0,0.0,0.0,4
1350,1024,1.0,0,0.0,0.0,0,False,776.0,15060.0,251.0,1443.0,234.0,100.0,17864.0,1.002,1.0,2.47,20.0,1.573,1.359,1.518,0.043439319301388266,0.8430362740707569,0.014050604567845947,0.0807769816390506,0.013098969995521719,0.005597850425436633,0.0,0.0,0.0,0.0,0.0,0.0,0.0,4
204,1024,11.38,0,10752.521281627507,10752.521281627507,0,False,776.0,15060.0,251.0,1443.0,234.0,100.0,17864.0,1.002,1.0,2.47,20.0,1.573,1.359,1.518,0.043439319301388266,0.8430362740707569,0.014050604567845947,0.0807769816390506,0.013098969995521719,0.005597850425436633,0.49532813255709807,3.8918786657988114,0.008010783587102553,0.5855566021325498,0.10990758727456604,0.042049370828163256,5.13273114217829,1
104,1025,1.0,0,12357.546424437049,12357.546424437049,0,False,776.0,15060.0,251.0,1443.0,234.0,100.0,17864.0,1.002,1.0,2.47,20.0,1.573,1.359,1.518,0.043439319301388266,0.8430362740707569,0.014050604567845947,0.0807769816390506,0.013098969995521719,0.005597850425436633,0.04352619793999104,0.3419928528821451,0.000703935288849082,0.051454885951893646,0.009657960217448684,0.0036950237986083704,0.4510308560789359,1
114,1025,11.57,0,50400.879470264445,50400.879470264445,0,False,776.0,15060.0,251.0,1443.0,234.0,100.0,17864.0,1.002,1.0,2.47,20.0,1.573,1.359,1.518,0.043439319301388266,0.8430362740707569,0.014050604567845947,0.0807769816390506,0.013098969995521719,0.005597850425436633,0.5035981101656963,3.9568573078464184,0.008144531291983878,0.5953330304634095,0.1117425997158813,0.04275142534989884,5.218427004833288,1
1324,1025,1.0,0,10740.68887843797,10740.68887843797,0,False,776.0,15060.0,251.0,1443.0,234.0,100.0,17864.0,1.002,1.0,2.47,20.0,1.573,1.359,1.518,0.043439319301388266,0.8430362740707569,0.014050604567845947,0.0807769816390506,0.013098969995521719,0.005597850425436633,0.04352619793999104,0.3419928528821451,0.000703935288849082,0.051454885951893646,0.009657960217448684,0.0036950237986083704,0.4510308560789359,1
1325,1025,22.5,0,0.0,0.0,0,False,776.0,15060.0,251.0,1443.0,234.0,100.0,17864.0,1.002,1.0,2.47,20.0,1.573,1.359,1.518,0.043439319301388266,0.8430362740707569,0.014050604567845947,0.0807769816390506,0.013098969995521719,0.005597850425436633,0.0,0.0,0.0,0.0,0.0,0.0,0.0,4
1330,1025,1.0,0,0.0,0.0,0,False,776.0,15060.0,251.0,1443.0,234.0,100.0,17864.0,1.002,1.0,2.47,20.0,1.573,1.359,1.518,0.043439319301388266,0.8430362740707569,0.014050604567845947,0.0807769816390506,0.013098969995521719,0.005597850425436633,0.0,0.0,0.0,0.0,0.0,0.0,0.0,4
1331,1025,1.0,0,0.0,0.0,0,False,776.0,15060.0,251.0,1443.0,234.0,100.0,17864.0,1.002,1.0,2.47,20.0,1.573,1.359,1.518,0.043439319301388266,0.8430362740707569,0.014050604567845947,0.0807769816390506,0.013098969995521719,0.005597850425436633,0.0,0.0,0.0,0.0,0.0,0.0,0.0,4
1346,1025,1.0,0,10752.521281627507,10752.521281627507,0,False,776.0,15060.0,251.0,1443.0,234.0,100.0,17864.0,1.002,1.0,2.47,20.0,1.573,1.359,1.518,0.043439319301388266,0.8430362740707569,0.014050604567845947,0.0807769816390506,0.013098969995521719,0.005597850425436633,0.04352619793999104,0.3419928528821451,0.000703935288849082,0.051454885951893646,0.009657960217448684,0.0036950237986083704,0.4510308560789359,1
1348,1025,1.0,0,0.0,0.0,0,False,776.0,15060.0,251.0,1443.0,234.0,100.0,17864.0,1.002,1.0,2.47,20.0,1.573,1.359,1.518,0.043439319301388266,0.8430362740707569,0.014050604567845947,0.0807769816390506,0.013098969995521719,0.005597850425436633,0.0,0.0,0.0,0.0,0.0,0.0,0.0,4
1350,1025,1.0,0,0.0,0.0,0,False,776.0,15060.0,251.0,1443.0,234.0,100.0,17864.0,1.002,1.0,2.47,20.0,1.573,1.359,1.518,0.043439319301388266,0.8430362740707569,0.014050604567845947,0.0807769816390506,0.013098969995521719,0.005597850425436633,0.0,0.0,0.0,0.0,0.0,0.0,0.0,4
2,1025,10.62,0,175738.99059915956,175738.99059915956,0,False,776.0,15060.0,251.0,1443.0,234.0,100.0,17864.0,1.002,1.0,2.47,20.0,1.573,1.359,1.518,0.043439319301388266,0.8430362740707569,0.014050604567845947,0.0807769816390506,0.013098969995521719,0.005597850425436633,0.46224822212270483,3.6319640976083805,0.007475792767577249,0.5464508888091105,0.10256753750930503,0.03924115274122089,4.789947691558299,1
205,1025,11.9,0,10752.521281627507,10752.521281627507,0,False,776.0,15060.0,251.0,1443.0,234.0,100.0,17864.0,1.002,1.0,2.47,20.0,1.573,1.359,1.518,0.043439319301388266,0.8430362740707569,0.014050604567845947,0.0807769816390506,0.013098969995521719,0.005597850425436633,0.5179617554858934,4.069714949297526,0.008376829937304075,0.6123131428275344,0.11492972658763935,0.043970783203439605,5.367267187339336,1
209,1025,1.0,0,11060.076966043063,11060.076966043063,0,False,776.0,15060.0,251.0,1443.0,234.0,100.0,17864.0,1.002,1.0,2.47,20.0,1.573,1.359,1.518,0.043439319301388266,0.8430362740707569,0.014050604567845947,0.0807769816390506,0.013098969995521719,0.005597850425436633,0.04352619793999104,0.3419928528821451,0.000703935288849082,0.051454885951893646,0.009657960217448684,0.0036950237986083704,0.4510308560789359,1
211,1025,1.0,0,0.0,0.0,0,False,776.0,15060.0,251.0,1443.0,234.0,100.0,17864.0,1.002,1.0,2.47,20.0,1.573,1.359,1.518,0.043439319301388266,0.8430362740707569,0.014050604567845947,0.0807769816390506,0.013098969995521719,0.005597850425436633,0.0,0.0,0.0,0.0,0.0,0.0,0.0,4
5,1025,1.0,0,172258.82222196515,172258.82222196515,0,False,776.0,15060.0,251.0,1443.0,234.0,100.0,17864.0,1.002,1.0,2.47,20.0,1.573,1.359,1.518,0.043439319301388266,0.8430362740707569,0.014050604567845947,0.0807769816390506,0.013098969995521719,0.005597850425436633,0.04352619793999104,0.3419928528821451,0.000703935288849082,0.051454885951893646,0.009657960217448684,0.0036950237986083704,0.4510308560789359,1
106,1026,1.0,0,3612.6680555786616,3612.6680555786616,0,False,776.0,15060.0,251.0,1443.0,234.0,100.0,17864.0,1.002,1.0,2.47,20.0,1.573,1.359,1.518,0.043439319301388266,0.8430362740707569,0.014050604567845947,0.0807769816390506,0.013098969995521719,0.005597850425436633,0.04352619793999104,0.3419928528821451,0.000703935288849082,0.051454885951893646,0.009657960217448684,0.0036950237986083704,0.4510308560789359,1
111,1026,1.0,0,50400.879470264445,50400.879470264445,0,False,776.0,15060.0,251.0,1443.0,234.0,100.0,17864.0,1.002,1.0,2.47,20.0,1.573,1.359,1.518,0.043439319301388266,0.8430362740707569,0.014050604567845947,0.0807769816390506,0.013098969995521719,0.005597850425436633,0.04352619793999104,0.3419928528821451,0.000703935288849082,0.051454885951893646,0.009657960217448684,0.0036950237986083704,0.4510308560789359,1
1324,1026,15.47,0,10740.68887843797,10740.68887843797,0,False,776.0,15060.0,251.0,1443.0,234.0,100.0,17864.0,1.002,1.0,2.47,20.0,1.573,1.359,1.518,0.043439319301388266,0.8430362740707569,0.014050604567845947,0.0807769816390506,0.013098969995521719,0.005597850425436633,0.6733502821316614,5.290629434086784,0.010889878918495298,0.7960070856757947,0.14940864456393116,0.05716201816447149,6.977447343541138,1
1325,1026,1.0,0,0.0,0.0,0,False,776.0,15060.0,251.0,1443.0,234.0,100.0,17864.0,1.002,1.0,2.47,20.0,1.573,1.359,1.518,0.043439319301388266,0.8430362740707569,0.014050604567845947,0.0807769816390506,0.013098969995521719,0.005597850425436633,0.0,0.0,0.0,0.0,0.0,0.0,0.0,4
1343,1026,1.0,0,18530.209617639182,18530.209617639182,0,False,776.0,15060.0,251.0,1443.0,234.0,100.0,17864.0,1.002,1.0,2.47,20.0,1.573,1.359,1.518,0.043439319301388266,0.8430362740707569,0.014050604567845947,0.0807769816390506,0.013098969995521719,0.005597850425436633,0.04352619793999104,0.3419928528821451,0.000703935288849082,0.051454885951893646,0.009657960217448684,0.0036950237986083704,0.4510308560789359,1
